Название,Цена,Ссылка
Диван прямой Аронт Мини Velvet Pink,14 248руб.,https://www.divan.ru/product/divan-pryamoj-aront-mini-velvet-pink
Пуф Дзен Velvet Smoke,1748руб.,https://www.divan.ru/product/puf-dzen-velvet-smoke
Кресло Орхет Velvet Marsala,4498руб.,https://www.divan.ru/product/kreslo-orhet-velvet-marsala
Диван прямой Спейс Velvet Olive,16 998руб.,https://www.divan.ru/product/divan-spejs-velvet-olive
Диван прямой Мелоу Velvet Beige,13 748руб.,https://www.divan.ru/product/divan-pryamoj-melou-velvet-beige
Пуф Кропс Bucle Lilac,2498руб.,https://www.divan.ru/product/puf-krops-bucle-lilac
Диван прямой Клаймар Velvet Terra,15 748руб.,https://www.divan.ru/product/divan-klajmar-velvet-terra
Кресло Лучето Bucle Dark Blue,4248руб.,https://www.divan.ru/product/kreslo-lucheto-bucle-dark-blue
Диван угловой Нордика мини Velvet Olive,14 998руб.,https://www.divan.ru/product/divan-uglovoj-nordika-mini-velvet-olive
Кресло Пайл Textile Ginger,6748руб.,https://www.divan.ru/product/kreslo-pajl-textile-ginger
Диван прямой Льери Мини Velvet Yellow,16 248руб.,https://www.divan.ru/product/divan-leri-mini-velvet-yellow
Кресло Кенсол Velvet Blue,4998руб.,https://www.divan.ru/product/kreslo-kensol-velvet-blue
Кресло поворотное Теоп Bucle Beige,9248руб.,https://www.divan.ru/product/kreslo-povorotnoe-teop-bucle-beige
Диван прямой Нумо Velvet Green,9998руб.,https://www.divan.ru/product/divan-numo-velvet-green
Диван угловой Онте Bucle Silver,18 332руб.,https://www.divan.ru/product/divan-uglovoj-onte-bucle-silver
Кресло Грейн Textile Olive,3998руб.,https://www.divan.ru/product/kreslo-grejn-textile-olive
Диван прямой Ларонсо Soft Latte,16 165руб.,https://www.divan.ru/product/divan-laronso-soft-latte
Пуф Ринт Bucle Blue,2998руб.,https://www.divan.ru/product/puf-rint-bucle-blue
Кресло Витио Velvet Yellow,5748руб.,https://www.divan.ru/product/kreslo-vitio-velvet-yellow-new
Диван прямой Эби Velvet Coral,16 748руб.,https://www.divan.ru/product/divan-ebi-velvet-coral
Кресло Лонди Cozy Ivory,10 998руб.,https://www.divan.ru/product/kreslo-londi-cozy-ivory
Пуф Корк Velvet Moss,2748руб.,https://www.divan.ru/product/puf-kork-velvet-moss
Диван модульный Риббл-1 Bucle Mint,19 745руб.,https://www.divan.ru/product/modulnyj-divan-ribbl-1-bucle-mint
Кресло Пайпел-2 Bucle Forest,10 498руб.,https://www.divan.ru/product/kreslo-pajpel-2-bucle-forest
Диван прямой Виена Velvet Smoke,16 248руб.,https://www.divan.ru/product/divan-viena-time-grey
Диван прямой Види Textile Navy Blue,6748руб.,https://www.divan.ru/product/divan-vidi-textile-navy-blue
Диван угловой Аллаум Linia Stone,14 248руб.,https://www.divan.ru/product/divan-uglovoj-allaum-linia-stone
Кресло Ансил Bucle Milk,7998руб.,https://www.divan.ru/product/kreslo-ansil-bucle-milk
Диван угловой Аронт Мини Velvet Olive,14 998руб.,https://www.divan.ru/product/divan-uglovoj-aront-mini-velvet-olive
Диван модульный Brera-8 Bucle Beige,27 329руб.,https://www.divan.ru/product/modulnyj-divan-brera-8-bucle-beige
Диван прямой Сваут Velvet Mustard,16 998руб.,https://www.divan.ru/product/divan-svaut-velvet-mustard
Диван прямой Тилар Cozy Milk,7998руб.,https://www.divan.ru/product/divan-tilar-cozy-milk
Диван прямой Инес Vertical Blue,11 998руб.,https://www.divan.ru/product/divan-ines-vertical-blue
Кресло Тилар Textile Yellow,5998руб.,https://www.divan.ru/product/kreslo-tilar-textile-yellow
Диван прямой Лави Velvet Moss,11 498руб.,https://www.divan.ru/product/divan-lavi-velvet-moss
Диван угловой Эдвин Velvet Terra,17 498руб.,https://www.divan.ru/product/divan-uglovoj-edvin-velvet-terra
Диван угловой Дарол Velvet Silver,17 248руб.,https://www.divan.ru/product/divan-uglovoj-darol-velvet-silver
Диван прямой Терм Velvet Beige,17 498руб.,https://www.divan.ru/product/divan-term-velvet-beige
Диван прямой Лилле Velvet Atlantic,11 748руб.,https://www.divan.ru/product/divan-lille-velvet-atlantic
Кресло Кото Cozy Beige,8248руб.,https://www.divan.ru/product/kreslo-koto-cozy-beige
Диван прямой Бонент Velvet Eclipse,13 832руб.,https://www.divan.ru/product/divan-bonent-velvet-eclipse
Диван прямой Нумо Мини Textile Light,6748руб.,https://www.divan.ru/product/divan-numo-mini-textile-light
Пуф Кофи Velvet Light,1148руб.,https://www.divan.ru/product/puf-kofi-velvet-light
Диван угловой Нордика мини Velvet Coral,14 998руб.,https://www.divan.ru/product/divan-uglovoj-nordika-mini-velvet-coral
Диван угловой Стаус Velvet Olive,10 748руб.,https://www.divan.ru/product/divan-uglovoj-staus-velvet-olive
Кресло Винси Textile Ginger,5248руб.,https://www.divan.ru/product/kreslo-vinsi-textile-ginger
Диван прямой Рон Textile Grafit,13 748руб.,https://www.divan.ru/product/divan-ron-textile-grafit
Банкетка Вайли Velvet Light,2998руб.,https://www.divan.ru/product/banketka-vajli-velvet-light
