title,price,url
Подвесной светильник Ферум Orange,998,https://www.divan.ru/product/podvesnoj-svetilnik-ferum-orange
Светильник потолочный Ринга Black,748,https://www.divan.ru/product/svetilnik-potolochnyj-ringa-black
Торшер Бьйорк White,2998,https://www.divan.ru/product/torsher-bjork-white
Подвесной светильник Тубули-5 Wood,2998,https://www.divan.ru/product/podvesnoj-svetilnik-tubuli-5-wood
Бра Смастен White,1248,https://www.divan.ru/product/bra-smasten-white
Настольная лампа Арвика Wood,1498,https://www.divan.ru/product/nastolnaya-lampa-arvika-wood
Подвесной светильник Инлада Wood,1998,https://www.divan.ru/product/podvesnoj-svetilnik-inlada-wood
Подвесной светильник Намсен Black,2248,https://www.divan.ru/product/podvesnoj-svetilnik-namsen-black
Люстра Ливсден Brown,4748,https://www.divan.ru/product/lyustra-livsden-brown
Подвесной светильник Гронтри-1 Wood,3248,https://www.divan.ru/product/podvesnoj-svetilnik-grontri-1-wood
Бра Бракетт White,873,https://www.divan.ru/product/bra-brakett-white
Подвесной светильник Отра Wood,3498,https://www.divan.ru/product/podvesnoj-svetilnik-otra-wood
Подвесной светильник Кронор Orange,1498,https://www.divan.ru/product/podvesnoj-svetilnik-kronor-orange
Светильник потолочный Орхус White,4248,https://www.divan.ru/product/svetilnik-potolochnyj-orhus-white
Подвесной светильник Рена Green,748,https://www.divan.ru/product/podvesnoj-svetilnik-rena-green
Светильник потолочный Ринга White,998,https://www.divan.ru/product/svetilnik-potolochnyj-ringa-white
Бра Берит Black,1123,https://www.divan.ru/product/bra-berit-black
Подвесной светильник Кронор Black,1498,https://www.divan.ru/product/podvesnoj-svetilnik-kronor-black
Настольная лампа Бьйорк White,823,https://www.divan.ru/product/nastolnaya-lampa-bjork-white
Подвесной светильник Селау-2 Glass,998,https://www.divan.ru/product/podvesnoj-svetilnik-selau-2-glass
Подвесной светильник Джамби Rattan,2998,https://www.divan.ru/product/podvesnoj-svetilnik-djambi-rattan
Бра Пинна Black,1498,https://www.divan.ru/product/bra-pinna-black
Подвесной светильник Бьйорк White,1748,https://www.divan.ru/product/podvesnoj-svetilnik-bjork-white
Торшер Осло Blue,4498,https://www.divan.ru/product/torsher-oslo-blue
Бра Бьйорк White,623,https://www.divan.ru/product/bra-bjork-white
Подвесной светильник Арвика Wood,1573,https://www.divan.ru/product/podvesnoj-svetilnik-arvika-wood
Подвесной светильник Бенфлит Black,1748,https://www.divan.ru/product/podvesnoj-svetilnik-benflit-black
Светильник потолочный Орхус Black,3498,https://www.divan.ru/product/svetilnik-potolochnyj-orhus-black
Настольная лампа Требен Orange,748,https://www.divan.ru/product/nastolnaya-lampa-treben-orange
Подвесной светильник Ливсден Brown,1173,https://www.divan.ru/product/podvesnoj-svetilnik-livsden-brown
Подвесной светильник Бейла Black,1248,https://www.divan.ru/product/podvesnoj-svetilnik-bejla-black
Светильник потолочный Лаго White,2998,https://www.divan.ru/product/svetilnik-potolochnyj-lago-white
Подвесной светильник Чинкве Silver,1123,https://www.divan.ru/product/podvesnoj-svetilnik-chinkve-silver
Торшер Энкель Black,1498,https://www.divan.ru/product/torsher-enkel-black
Люстра Малинг Multi,3248,https://www.divan.ru/product/lyustra-maling-multi
Подвесной светильник Джамби-1 Rattan,1998,https://www.divan.ru/product/podvesnoj-svetilnik-djambi-1-rattan
Подвесной светильник Селау-1 Glass,1248,https://www.divan.ru/product/podvesnoj-svetilnik-selau-1-glass
Подвесной светильник Ферум Black,998,https://www.divan.ru/product/podvesnoj-svetilnik-ferum-black
Бра Смастен Black,823,https://www.divan.ru/product/bra-smasten-black
Подвесной светильник Кронор White,1498,https://www.divan.ru/product/podvesnoj-svetilnik-kronor-white
Подвесной светильник Тубули Wood,573,https://www.divan.ru/product/podvesnoj-svetilnik-tubuli-wood
Настольная лампа Требен White,748,https://www.divan.ru/product/nastolnaya-lampa-treben-white
Подвесной светильник Ферум Grey,623,https://www.divan.ru/product/podvesnoj-svetilnik-ferum-grey
Подвесной светильник Квина Black,1748,https://www.divan.ru/product/podvesnoj-svetilnik-kvina-black
Подвесной светильник Бейла White,1123,https://www.divan.ru/product/podvesnoj-svetilnik-bejla-white
Подвесной светильник Гронтри Wood,2748,https://www.divan.ru/product/podvesnoj-svetilnik-grontri-wood
Подвесной светильник Скара Wood,873,https://www.divan.ru/product/podvesnoj-svetilnik-skara-wood
Настольная лампа Гросс White,1173,https://www.divan.ru/product/nastolnaya-lampa-gross-white
